2013-04-21 18:52:06.167, 146.169.6.76, false, false
2013-04-21 18:52:12.276, 146.169.6.76, false, false
2013-04-21 18:52:17.347, 146.169.6.76, false, false
2013-04-21 18:52:22.424, 146.169.6.76, false, false
2013-04-21 18:52:27.494, 146.169.6.76, false, false
2013-04-21 18:52:32.548, 146.169.6.76, false, false
2013-04-21 18:52:37.606, 146.169.6.76, false, false
2013-04-21 18:53:17.126, 146.169.6.32, false, false, 146.169.6.76, false, false
2013-04-21 18:53:23.225, 146.169.6.32, false, false, 146.169.6.76, false, false
2013-04-21 20:48:28.348, 146.169.6.76, false, false, 101.226.89.117, false, false, 146.169.25.109, false, false
2013-04-21 20:49:08.096, 146.169.6.76, false, false, 101.226.89.117, false, false, 146.169.25.109, false, false
2013-04-21 20:51:32.73, 146.169.6.76, false, false, 101.226.89.117, false, false, 146.169.25.109, false, false
2013-04-21 20:51:38.613, 146.169.6.76, false, false, 101.226.89.117, false, false, 146.169.25.109, false, false
2013-04-21 20:51:43.727, 146.169.6.76, false, false, 101.226.89.117, false, false, 146.169.25.109, false, false
2013-04-21 20:51:48.821, 146.169.6.76, false, false, 101.226.89.117, false, false, 146.169.25.109, false, false
2013-04-21 20:51:53.924, 146.169.6.76, false, false, 101.226.89.117, false, false, 146.169.25.109, false, false
2013-04-21 20:51:59.029, 146.169.6.76, false, false, 101.226.89.117, false, false, 146.169.25.109, false, false
2013-04-21 20:52:04.116, 146.169.6.76, false, false, 101.226.89.117, false, false, 146.169.25.109, false, false
2013-04-21 20:52:09.268, 146.169.6.76, false, false, 101.226.89.117, false, false, 146.169.25.109, false, false
2013-04-21 20:52:14.34, 146.169.6.76, false, false, 101.226.89.117, false, false, 146.169.25.109, false, false
2013-04-21 20:52:19.419, 146.169.6.76, false, false, 101.226.89.117, false, false, 146.169.25.109, false, false
2013-04-21 20:52:24.499, 146.169.25.109, false, false, 146.169.6.76, false, false, 101.226.89.117, false, false
2013-04-21 20:52:28.17, 146.169.25.109, false, false, 146.169.6.76, false, false, 101.226.89.117, false, false
2013-04-21 20:52:29.582, 146.169.25.109, false, false, 146.169.6.76, false, false, 101.226.89.117, false, false
2013-04-21 20:52:34.735, 146.169.25.109, false, false, 146.169.6.76, false, false, 101.226.89.117, false, false
2013-04-21 20:52:39.845, 146.169.25.109, false, false, 146.169.6.76, false, false, 101.226.89.117, false, false
2013-04-21 20:52:44.965, 146.169.25.109, false, false, 146.169.6.76, false, false, 101.226.89.117, false, false
2013-04-21 20:52:50.075, 146.169.25.109, false, false, 146.169.6.76, false, false, 101.226.89.117, false, false
2013-04-21 20:52:55.186, 146.169.25.109, false, false, 146.169.6.76, false, false, 101.226.89.117, false, false
2013-04-21 20:53:00.268, 146.169.25.109, false, false, 146.169.6.76, false, false, 101.226.89.117, false, false
2013-04-21 20:53:05.35, 146.169.25.109, false, false, 146.169.6.76, false, false, 101.226.89.117, false, false
2013-04-21 20:53:08.926, 146.169.25.109, false, false, 146.169.6.76, false, false, 101.226.89.117, false, false
2013-04-21 20:53:10.435, 146.169.25.109, false, false, 146.169.6.76, false, false, 101.226.89.117, false, false
2013-04-21 20:53:14.832, 146.169.25.109, false, false, 146.169.6.76, false, false, 101.226.89.117, false, false
2013-04-21 20:53:15.539, 146.169.25.109, false, false, 146.169.6.76, false, false, 101.226.89.117, false, false
2013-04-21 20:53:19.947, 146.169.25.109, false, false, 146.169.6.76, false, false, 101.226.89.117, false, false
2013-04-21 20:53:20.599, 146.169.25.109, false, false, 146.169.6.76, false, false, 101.226.89.117, false, false
2013-04-21 20:53:25.066, 146.169.25.109, false, false, 146.169.6.76, false, false, 101.226.89.117, false, false
2013-04-21 20:53:25.67, 146.169.25.109, false, false, 146.169.6.76, false, false, 101.226.89.117, false, false
2013-04-21 20:53:30.203, 146.169.25.109, false, false, 146.169.6.76, false, false, 101.226.89.117, false, false
2013-04-21 20:53:30.753, 146.169.25.109, false, false, 146.169.6.76, false, false, 101.226.89.117, false, false
2013-04-21 20:53:35.352, 146.169.25.109, false, false, 146.169.6.76, false, false, 101.226.89.117, false, false
2013-04-21 20:53:35.842, 146.169.25.109, false, false, 146.169.6.76, false, false, 101.226.89.117, false, false
2013-04-21 20:53:40.456, 146.169.25.109, false, false, 146.169.6.76, false, false, 101.226.89.117, false, false
2013-04-21 20:53:40.908, 146.169.25.109, false, false, 146.169.6.76, false, false, 101.226.89.117, false, false
2013-04-21 20:53:45.612, 146.169.25.109, false, false, 146.169.6.76, false, false, 101.226.89.117, false, false
2013-04-21 20:53:45.987, 146.169.25.109, false, false, 146.169.6.76, false, false, 101.226.89.117, false, false
2013-04-21 20:53:50.714, 146.169.25.109, false, false, 146.169.6.76, false, false, 101.226.89.117, false, false
2013-04-21 20:53:51.065, 146.169.25.109, false, false, 146.169.6.76, false, false, 101.226.89.117, false, false
2013-04-21 20:53:55.834, 146.169.25.109, false, false, 146.169.6.76, false, false, 101.226.89.117, false, false
2013-04-21 20:53:56.138, 146.169.25.109, false, false, 146.169.6.76, false, false, 101.226.89.117, false, false
2013-04-21 20:54:00.921, 146.169.25.109, false, false, 146.169.6.76, false, false, 101.226.89.117, false, false
2013-04-21 20:54:01.244, 146.169.25.109, false, false, 146.169.6.76, false, false, 101.226.89.117, false, false
2013-04-21 20:54:06.05, 146.169.25.109, false, false, 146.169.6.76, false, false, 101.226.89.117, false, false
2013-04-21 20:54:06.307, 146.169.25.109, false, false, 146.169.6.76, false, false, 101.226.89.117, false, false
2013-04-21 20:54:08.949, 146.169.25.109, false, false, 146.169.6.76, false, false, 101.226.89.117, false, false
2013-04-21 20:54:11.162, 146.169.25.109, false, false, 146.169.6.76, false, false, 101.226.89.117, false, false
2013-04-21 20:54:11.394, 146.169.25.109, false, false, 146.169.6.76, false, false, 101.226.89.117, false, false
2013-04-21 20:54:16.346, 146.169.25.109, false, false, 146.169.6.76, false, false, 101.226.89.117, false, false
2013-04-21 20:54:16.464, 146.169.25.109, false, false, 146.169.6.76, false, false, 101.226.89.117, false, false
2013-04-21 20:54:21.418, 146.169.25.109, false, false, 146.169.6.76, false, false, 101.226.89.117, false, false
2013-04-21 20:54:21.516, 146.169.25.109, false, false, 146.169.6.76, false, false, 101.226.89.117, false, false
2013-04-21 20:54:26.491, 146.169.25.109, false, false, 146.169.6.76, false, false, 101.226.89.117, false, false
2013-04-21 20:54:26.578, 146.169.25.109, false, false, 146.169.6.76, false, false, 101.226.89.117, false, false
2013-04-21 20:54:31.563, 146.169.25.109, false, false, 146.169.6.76, false, false, 101.226.89.117, false, false
2013-04-21 20:54:31.636, 146.169.25.109, false, false, 146.169.6.76, false, false, 101.226.89.117, false, false
2013-04-21 20:54:36.642, 146.169.25.109, false, false, 146.169.6.76, false, false, 101.226.89.117, false, false
2013-04-21 20:54:36.698, 146.169.25.109, false, false, 146.169.6.76, false, false, 101.226.89.117, false, false
2013-04-21 20:54:41.725, 146.169.25.109, false, false, 146.169.6.76, false, false, 101.226.89.117, false, false
2013-04-21 20:54:41.79, 146.169.25.109, false, false, 146.169.6.76, false, false, 101.226.89.117, false, false
2013-04-21 20:54:46.799, 146.169.25.109, false, false, 146.169.6.76, false, false, 101.226.89.117, false, false
2013-04-21 20:54:46.845, 146.169.25.109, false, false, 146.169.6.76, false, false, 101.226.89.117, false, false
2013-04-21 20:54:51.87, 146.169.25.109, false, false, 146.169.6.76, false, false, 101.226.89.117, false, false
2013-04-21 20:54:51.904, 146.169.25.109, false, false, 146.169.6.76, false, false, 101.226.89.117, false, false
2013-04-21 20:54:56.95, 146.169.25.109, false, false, 146.169.6.76, false, false, 101.226.89.117, false, false
2013-04-21 20:54:57.029, 146.169.25.109, false, false, 146.169.6.76, false, false, 101.226.89.117, false, false
2013-04-21 20:55:02.037, 146.169.25.109, false, false, 146.169.6.76, false, false, 101.226.89.117, false, false
2013-04-21 20:55:02.08, 146.169.25.109, false, false, 146.169.6.76, false, false, 101.226.89.117, false, false
2013-04-21 20:55:07.114, 146.169.25.109, false, false, 146.169.6.76, false, false, 101.226.89.117, false, false
2013-04-21 20:55:07.181, 146.169.25.109, false, false, 146.169.6.76, false, false, 101.226.89.117, false, false
2013-04-21 20:55:12.208, 146.169.25.109, false, false, 146.169.6.76, false, false, 101.226.89.117, false, false
2013-04-21 20:55:12.264, 146.169.25.109, false, false, 146.169.6.76, false, false, 101.226.89.117, false, false
2013-04-21 20:55:17.349, 146.169.25.109, false, false, 146.169.6.76, false, false, 101.226.89.117, false, false
2013-04-21 20:55:17.348, 146.169.25.109, false, false, 146.169.6.76, false, false, 101.226.89.117, false, false
2013-04-21 20:55:22.42, 146.169.25.109, false, false, 146.169.6.76, false, false, 101.226.89.117, false, false
2013-04-21 20:55:22.431, 146.169.25.109, false, false, 146.169.6.76, false, false, 101.226.89.117, false, false
2013-04-21 20:55:27.483, 146.169.25.109, false, false, 146.169.6.76, false, false, 101.226.89.117, false, false
2013-04-21 20:55:27.525, 146.169.25.109, false, false, 146.169.6.76, false, false, 101.226.89.117, false, false
2013-04-21 20:55:31.299, 146.169.25.109, false, false, 146.169.6.76, false, false, 101.226.89.117, false, false
2013-04-21 20:55:32.535, 146.169.25.109, false, false, 146.169.6.76, false, false, 101.226.89.117, false, false
2013-04-21 20:55:32.586, 146.169.25.109, false, false, 146.169.6.76, false, false, 101.226.89.117, false, false
2013-04-21 20:55:37.588, 146.169.25.109, false, false, 146.169.6.76, false, false, 101.226.89.117, false, false
2013-04-21 20:55:37.654, 146.169.25.109, false, false, 146.169.6.76, false, false, 101.226.89.117, false, false
2013-04-21 20:55:42.665, 146.169.25.109, false, false, 146.169.6.76, false, false, 101.226.89.117, false, false
2013-04-21 20:55:42.727, 146.169.25.109, false, false, 146.169.6.76, false, false, 101.226.89.117, false, false
2013-04-21 20:55:47.716, 146.169.25.109, false, false, 146.169.6.76, false, false, 101.226.89.117, false, false
2013-04-21 20:55:47.788, 146.169.25.109, false, false, 146.169.6.76, false, false, 101.226.89.117, false, false
2013-04-21 20:55:52.767, 146.169.25.109, false, false, 146.169.6.76, false, false, 101.226.89.117, false, false
2013-04-21 20:55:52.849, 146.169.25.109, false, false, 146.169.6.76, false, false, 101.226.89.117, false, false
2013-04-21 20:55:57.83, 146.169.25.109, false, false, 146.169.6.76, false, false, 101.226.89.117, false, false
2013-04-21 20:55:57.928, 146.169.25.109, false, false, 146.169.6.76, false, false, 101.226.89.117, false, false
2013-04-21 20:56:02.886, 146.169.25.109, false, false, 146.169.6.76, false, false, 101.226.89.117, false, false
2013-04-21 20:56:02.998, 146.169.25.109, false, false, 146.169.6.76, false, false, 101.226.89.117, false, false
2013-04-21 20:56:07.933, 146.169.25.109, false, false, 146.169.6.76, false, false, 101.226.89.117, false, false
2013-04-21 20:56:08.059, 146.169.25.109, false, false, 146.169.6.76, false, false, 101.226.89.117, false, false
2013-04-21 20:56:12.989, 146.169.25.109, false, false, 146.169.6.76, false, false, 101.226.89.117, false, false
2013-04-21 20:56:13.125, 146.169.25.109, false, false, 146.169.6.76, false, false, 101.226.89.117, false, false
2013-04-21 20:56:18.042, 146.169.25.109, false, false, 146.169.6.76, false, false, 101.226.89.117, false, false
2013-04-21 20:56:18.198, 146.169.25.109, false, false, 146.169.6.76, false, false, 101.226.89.117, false, false
2013-04-21 20:56:23.1, 146.169.25.109, false, false, 146.169.6.76, false, false, 101.226.89.117, false, false
2013-04-21 20:56:23.268, 146.169.25.109, false, false, 146.169.6.76, false, false, 101.226.89.117, false, false
2013-04-21 20:58:47.315, 146.169.25.109, false, false, 146.169.6.76, false, false, 101.226.89.117, false, false
2013-04-21 20:58:53.496, 146.169.25.109, false, false, 146.169.6.76, false, false, 101.226.89.117, false, false
2013-04-21 20:59:00.539, 146.169.25.109, false, false, 146.169.6.76, false, false, 101.226.89.117, false, false
2013-04-21 20:59:32.282, 146.169.25.109, false, false, 146.169.6.76, false, false, 101.226.89.117, false, false
2013-04-21 21:01:09.166, 146.169.25.109, false, false, 146.169.6.76, false, false, 101.226.89.117, false, false
2013-04-21 21:03:18.863, 146.169.25.109, false, false, 146.169.6.76, false, false, 101.226.89.117, false, false
2013-04-21 21:03:24.616, 146.169.25.109, false, false, 146.169.6.76, false, false, 101.226.89.117, false, false
2013-04-21 21:03:29.763, 146.169.25.109, false, false, 146.169.6.76, false, false, 101.226.89.117, false, false
2013-04-21 21:03:34.927, 146.169.25.109, false, false, 146.169.6.76, false, false, 101.226.89.117, false, false
2013-04-21 21:03:40.063, 146.169.25.109, false, false, 146.169.6.76, false, false, 101.226.89.117, false, false
2013-04-21 21:03:45.246, 146.169.25.109, false, false, 146.169.6.76, false, false, 101.226.89.117, false, false
2013-04-21 21:03:50.352, 146.169.25.109, false, false, 146.169.6.76, false, false, 101.226.89.117, false, false
2013-04-21 21:03:55.47, 146.169.25.109, false, false, 146.169.6.76, false, false, 101.226.89.117, false, false
2013-04-21 21:04:00.556, 146.169.25.109, false, false, 146.169.6.76, false, false, 101.226.89.117, false, false
2013-04-21 21:04:05.679, 146.169.25.109, false, false, 146.169.6.76, false, false, 101.226.89.117, false, false
2013-04-21 21:04:10.764, 146.169.25.109, false, false, 146.169.6.76, false, false, 101.226.89.117, false, false
2013-04-21 21:04:15.859, 146.169.25.109, false, false, 146.169.6.76, false, false, 101.226.89.117, false, false
2013-04-21 21:04:20.979, 146.169.25.109, false, false, 146.169.6.76, false, false, 101.226.89.117, false, false
2013-04-21 21:04:22.91, 146.169.25.109, false, false, 146.169.6.76, false, false, 101.226.89.117, false, false
2013-04-21 21:04:26.057, 146.169.25.109, false, false, 146.169.6.76, false, false, 101.226.89.117, false, false
2013-04-21 21:04:31.144, 146.169.25.109, false, false, 146.169.6.76, false, false, 101.226.89.117, false, false
2013-04-21 21:04:36.214, 146.169.25.109, false, false, 146.169.6.76, false, false, 101.226.89.117, false, false
2013-04-21 21:04:41.293, 146.169.25.109, false, false, 146.169.6.76, false, false, 101.226.89.117, false, false
2013-04-21 21:04:43.568, 146.169.25.109, false, false, 146.169.6.76, false, false, 101.226.89.117, false, false
2013-04-21 21:04:46.367, 146.169.25.109, false, false, 146.169.6.76, false, false, 101.226.89.117, false, false
2013-04-21 21:04:49.274, 146.169.25.109, false, false, 146.169.6.76, false, false, 101.226.89.117, false, false
2013-04-21 21:04:51.435, 146.169.25.109, false, false, 146.169.6.76, false, false, 101.226.89.117, false, false
2013-04-21 21:04:56.501, 146.169.25.109, false, false, 146.169.6.76, false, false, 101.226.89.117, false, false
2013-04-21 21:05:01.566, 146.169.25.109, false, false, 146.169.6.76, false, false, 101.226.89.117, false, false
2013-04-21 21:05:06.637, 146.169.25.109, false, false, 146.169.6.76, false, false, 101.226.89.117, false, false
2013-04-21 21:05:11.724, 146.169.25.109, false, false, 146.169.6.76, false, false, 101.226.89.117, false, false
2013-04-21 21:05:16.8, 146.169.25.109, false, false, 146.169.6.76, false, false, 101.226.89.117, false, false
2013-04-21 21:05:16.667, 146.169.25.109, false, false, 146.169.6.76, false, false, 101.226.89.117, false, false
2013-04-21 21:05:22.449, 146.169.25.109, false, false, 146.169.6.76, false, false, 101.226.89.117, false, false
2013-04-21 21:05:49.68, 146.169.25.109, false, false, 146.169.6.76, false, false, 101.226.89.117, false, false
2013-04-21 21:05:55.382, 146.169.25.109, false, false, 146.169.6.76, false, false, 101.226.89.117, false, false
2013-04-21 21:06:00.503, 146.169.25.109, false, false, 146.169.6.76, false, false, 101.226.89.117, false, false
2013-04-21 21:06:05.613, 146.169.25.109, false, false, 146.169.6.76, false, false, 101.226.89.117, false, false
2013-04-21 21:06:34.361, 146.169.25.109, false, false, 146.169.6.76, false, false, 101.226.89.117, false, false
2013-04-21 21:06:40.064, 146.169.25.109, false, false, 146.169.6.76, false, false, 101.226.89.117, false, false
2013-04-21 21:06:45.197, 146.169.25.109, false, false, 146.169.6.76, false, false, 101.226.89.117, false, false
2013-04-21 21:08:21.188, 146.169.25.109, false, false, 146.169.6.76, false, false, 101.226.89.117, false, false
2013-04-21 21:08:26.777, 146.169.25.109, false, false, 146.169.6.76, false, false, 101.226.89.117, false, false
2013-04-21 21:08:31.898, 146.169.25.109, false, false, 146.169.6.76, false, false, 101.226.89.117, false, false
2013-04-21 21:08:37.004, 146.169.25.109, false, false, 146.169.6.76, false, false, 101.226.89.117, false, false
2013-04-21 21:08:42.112, 146.169.25.109, false, false, 146.169.6.76, false, false, 101.226.89.117, false, false
2013-04-21 21:08:47.24, 146.169.25.109, false, false, 146.169.6.76, false, false, 101.226.89.117, false, false
2013-04-21 21:08:52.343, 146.169.25.109, false, false, 146.169.6.76, false, false, 101.226.89.117, false, false
2013-04-21 21:08:57.451, 146.169.25.109, false, false, 146.169.6.76, false, false, 101.226.89.117, false, false
2013-04-21 21:09:02.563, 146.169.25.109, false, false, 146.169.6.76, false, false, 101.226.89.117, false, false
2013-04-21 21:09:07.647, 146.169.25.109, false, false, 146.169.6.76, false, false, 101.226.89.117, false, false
2013-04-21 21:09:12.744, 146.169.25.109, false, false, 146.169.6.76, false, false, 101.226.89.117, false, false
2013-04-21 21:09:17.818, 146.169.25.109, false, false, 146.169.6.76, false, false, 101.226.89.117, false, false
2013-04-21 21:09:22.92, 146.169.25.109, false, false, 146.169.6.76, false, false, 101.226.89.117, false, false
2013-04-21 21:09:27.995, 146.169.25.109, false, false, 146.169.6.76, false, false, 101.226.89.117, false, false
2013-04-21 21:09:33.064, 146.169.25.109, false, false, 146.169.6.76, false, false, 101.226.89.117, false, false
2013-04-21 21:09:38.123, 146.169.25.109, false, false, 146.169.6.76, false, false, 101.226.89.117, false, false
2013-04-21 21:09:43.214, 146.169.25.109, false, false, 146.169.6.76, false, false, 101.226.89.117, false, false
2013-04-21 21:09:48.277, 146.169.25.109, false, false, 146.169.6.76, false, false, 101.226.89.117, false, false
2013-04-21 21:09:53.33, 146.169.25.109, false, false, 146.169.6.76, false, false, 101.226.89.117, false, false
2013-04-21 21:09:58.389, 146.169.25.109, false, false, 146.169.6.76, false, false, 101.226.89.117, false, false
2013-04-21 21:10:59.875, 146.169.25.109, true, false, 146.169.6.76, false, false, 101.226.89.117, false, false
2013-04-21 21:11:06.045, 146.169.25.109, false, false, 146.169.6.76, false, false, 101.226.89.117, false, false
2013-04-21 21:11:11.147, 146.169.25.109, false, false, 146.169.6.76, false, false, 101.226.89.117, false, false
2013-04-21 21:11:16.237, 146.169.25.109, false, false, 146.169.6.76, false, false, 101.226.89.117, false, false
2013-04-21 21:11:21.319, 146.169.25.109, false, false, 146.169.6.76, false, false, 101.226.89.117, false, false
2013-04-21 21:11:26.42, 146.169.25.109, false, false, 146.169.6.76, false, false, 101.226.89.117, false, false
2013-04-21 21:11:31.498, 146.169.25.109, false, false, 146.169.6.76, false, false, 101.226.89.117, false, false
2013-04-21 21:11:36.604, 146.169.25.109, false, false, 146.169.6.76, false, false, 101.226.89.117, false, false
2013-04-21 21:11:41.691, 146.169.25.109, false, false, 146.169.6.76, false, false, 101.226.89.117, false, false
2013-04-21 21:11:46.758, 146.169.25.109, false, false, 146.169.6.76, false, false, 101.226.89.117, false, false
2013-04-21 21:11:51.83, 146.169.25.109, false, false, 146.169.6.76, false, false, 101.226.89.117, false, false
2013-04-21 21:11:56.906, 146.169.25.109, false, false, 146.169.6.76, false, false, 101.226.89.117, false, false
2013-04-21 21:12:01.997, 146.169.25.109, false, false, 146.169.6.76, false, false, 101.226.89.117, false, false
2013-04-21 21:12:07.08, 146.169.25.109, false, false, 146.169.6.76, false, false, 101.226.89.117, false, false
2013-04-21 21:12:12.133, 146.169.25.109, false, false, 146.169.6.76, false, false, 101.226.89.117, false, false
2013-04-21 21:12:17.202, 146.169.25.109, true, false, 146.169.6.76, false, false, 101.226.89.117, false, false
2013-04-21 21:12:22.264, 146.169.25.109, true, false, 146.169.6.76, false, false, 101.226.89.117, false, false
2013-04-21 21:12:27.338, 146.169.25.109, true, false, 146.169.6.76, false, false, 101.226.89.117, false, false
2013-04-21 21:12:32.394, 146.169.25.109, true, false, 146.169.6.76, false, false, 101.226.89.117, false, false
2013-04-21 21:12:37.455, 146.169.25.109, true, false, 146.169.6.76, false, false, 101.226.89.117, false, false
2013-04-21 21:12:42.517, 146.169.25.109, false, false, 146.169.6.76, false, false, 101.226.89.117, false, false
2013-04-21 21:12:47.604, 146.169.25.109, false, false, 146.169.6.76, false, false, 101.226.89.117, false, false
2013-04-21 21:12:52.653, 146.169.25.109, false, false, 146.169.6.76, false, false, 101.226.89.117, false, false
2013-04-21 21:12:57.71, 146.169.25.109, false, false, 146.169.6.76, false, false, 101.226.89.117, false, false
2013-04-21 21:13:02.759, 146.169.25.109, false, false, 146.169.6.76, false, false, 101.226.89.117, false, false
2013-04-21 21:13:07.814, 146.169.25.109, false, false, 146.169.6.76, false, false, 101.226.89.117, false, false
2013-04-21 21:13:12.014, 146.169.25.109, false, false, 146.169.6.76, false, false, 101.226.89.117, false, false, 180.153.114.199, false, false, 180.153.214.178, false, false, 180.153.214.180, false, false, 101.226.33.218, false, false
2013-04-21 21:13:17.896, 146.169.25.109, false, false, 146.169.6.76, false, false, 101.226.89.117, false, false, 180.153.114.199, false, false, 180.153.214.178, false, false, 180.153.214.180, false, false, 101.226.33.218, false, false
2013-04-21 21:13:23.07, 146.169.25.109, false, false, 146.169.6.76, false, false, 101.226.89.117, false, false, 180.153.114.199, false, false, 180.153.214.178, false, false, 180.153.214.180, false, false, 101.226.33.218, false, false
2013-04-21 21:13:28.249, 146.169.25.109, false, false, 146.169.6.76, false, false, 101.226.89.117, false, false, 180.153.114.199, false, false, 180.153.214.178, false, false, 180.153.214.180, false, false, 101.226.33.218, false, false
2013-04-21 21:13:33.422, 146.169.25.109, false, false, 146.169.6.76, false, false, 101.226.89.117, false, false, 180.153.114.199, false, false, 180.153.214.178, false, false, 180.153.214.180, false, false, 101.226.33.218, false, false
2013-04-21 21:13:38.542, 146.169.25.109, false, false, 146.169.6.76, false, false, 101.226.89.117, false, false, 180.153.114.199, false, false, 180.153.214.178, false, false, 180.153.214.180, false, false, 101.226.33.218, false, false
2013-04-21 21:13:43.676, 146.169.25.109, false, false, 146.169.6.76, false, false, 101.226.89.117, false, false, 180.153.114.199, false, false, 180.153.214.178, false, false, 180.153.214.180, false, false, 101.226.33.218, false, false
2013-04-21 21:13:48.84, 146.169.25.109, false, false, 146.169.6.76, false, false, 101.226.89.117, false, false, 180.153.114.199, false, false, 180.153.214.178, false, false, 180.153.214.180, false, false, 101.226.33.218, false, false
2013-04-21 21:13:53.951, 146.169.25.109, false, false, 146.169.6.76, false, false, 101.226.89.117, false, false, 180.153.114.199, false, false, 180.153.214.178, false, false, 180.153.214.180, false, false, 101.226.33.218, false, false
2013-04-21 21:13:59.115, 146.169.25.109, false, false, 146.169.6.76, false, false, 101.226.89.117, false, false, 180.153.114.199, false, false, 180.153.214.178, false, false, 180.153.214.180, false, false, 101.226.33.218, false, false
2013-04-21 21:14:04.224, 146.169.25.109, false, false, 146.169.6.76, false, false, 101.226.89.117, false, false, 180.153.114.199, false, false, 180.153.214.178, false, false, 180.153.214.180, false, false, 101.226.33.218, false, false
2013-04-21 21:14:09.326, 146.169.25.109, false, false, 146.169.6.76, false, false, 101.226.89.117, false, false, 180.153.114.199, false, false, 180.153.214.178, false, false, 180.153.214.180, false, false, 101.226.33.218, false, false
2013-04-21 21:14:14.422, 146.169.25.109, false, false, 146.169.6.76, false, false, 101.226.89.117, false, false, 180.153.114.199, false, false, 180.153.214.178, false, false, 180.153.214.180, false, false, 101.226.33.218, false, false
2013-04-21 21:14:50.371, 146.169.25.109, false, false, 146.169.6.76, false, false, 101.226.89.117, false, false, 180.153.114.199, false, false, 180.153.214.178, false, false, 180.153.214.180, false, false, 101.226.33.218, false, false
2013-04-21 21:14:56.124, 146.169.25.109, false, false, 146.169.6.76, false, false, 101.226.89.117, false, false, 180.153.114.199, false, false, 180.153.214.178, false, false, 180.153.214.180, false, false, 101.226.33.218, false, false
2013-04-21 21:15:01.308, 146.169.25.109, false, false, 146.169.6.76, false, false, 101.226.89.117, false, false, 180.153.114.199, false, false, 180.153.214.178, false, false, 180.153.214.180, false, false, 101.226.33.218, false, false
2013-04-21 21:15:06.496, 146.169.25.109, false, false, 146.169.6.76, false, false, 101.226.89.117, false, false, 180.153.114.199, false, false, 180.153.214.178, false, false, 180.153.214.180, false, false, 101.226.33.218, false, false
2013-04-21 21:15:35.266, 146.169.25.109, false, false, 146.169.6.76, false, false, 101.226.89.117, false, false, 180.153.114.199, false, false, 180.153.214.178, false, false, 180.153.214.180, false, false, 101.226.33.218, false, false
2013-04-21 21:18:29.144, 146.169.25.109, false, false, 146.169.6.76, false, false, 101.226.89.117, false, false, 180.153.114.199, false, false, 180.153.214.178, false, false, 180.153.214.180, false, false, 101.226.33.218, false, false, 180.153.205.254, false, false, 180.153.206.28, false, false, 180.153.214.192, false, false, 180.153.201.15, false, false, 180.153.161.55, false, false, 180.153.212.13, false, false, 180.153.213.141, false, false
2013-04-21 21:19:01.264, 146.169.25.109, false, false, 146.169.6.76, false, false, 101.226.89.117, false, false, 180.153.114.199, false, false, 180.153.214.178, false, false, 180.153.214.180, false, false, 101.226.33.218, false, false, 180.153.205.254, false, false, 180.153.206.28, false, false, 180.153.214.192, false, false, 180.153.201.15, false, false, 180.153.161.55, false, false, 180.153.212.13, false, false, 180.153.213.141, false, false
2013-04-21 21:20:26.335, 146.169.25.109, false, false, 146.169.6.76, false, false, 101.226.89.117, false, false, 180.153.114.199, false, false, 180.153.214.178, false, false, 180.153.214.180, false, false, 101.226.33.218, false, false, 180.153.205.254, false, false, 180.153.206.28, false, false, 180.153.214.192, false, false, 180.153.201.15, false, false, 180.153.161.55, false, false, 180.153.212.13, false, false, 180.153.213.141, false, false
2013-04-21 21:23:05.619, 146.169.25.109, false, false, 146.169.6.76, false, false, 101.226.89.117, false, false, 180.153.114.199, false, false, 180.153.214.178, false, false, 180.153.214.180, false, false, 101.226.33.218, false, false, 180.153.205.254, false, false, 180.153.206.28, false, false, 180.153.214.192, false, false, 180.153.201.15, false, false, 180.153.161.55, false, false, 180.153.212.13, false, false, 180.153.213.141, false, false
2013-04-21 21:23:31.139, 146.169.25.109, false, false, 146.169.6.76, false, false, 101.226.89.117, false, false, 180.153.114.199, false, false, 180.153.214.178, false, false, 180.153.214.180, false, false, 101.226.33.218, false, false, 180.153.205.254, false, false, 180.153.206.28, false, false, 180.153.214.192, false, false, 180.153.201.15, false, false, 180.153.161.55, false, false, 180.153.212.13, false, false, 180.153.213.141, false, false
2013-04-21 21:23:48.98, 146.169.25.109, false, false, 146.169.6.76, false, false, 101.226.89.117, false, false, 180.153.114.199, false, false, 180.153.214.178, false, false, 180.153.214.180, false, false, 101.226.33.218, false, false, 180.153.205.254, false, false, 180.153.206.28, false, false, 180.153.214.192, false, false, 180.153.201.15, false, false, 180.153.161.55, false, false, 180.153.212.13, false, false, 180.153.213.141, false, false
2013-04-21 21:23:54.865, 146.169.25.109, false, false, 146.169.6.76, false, false, 101.226.89.117, false, false, 180.153.114.199, false, false, 180.153.214.178, false, false, 180.153.214.180, false, false, 101.226.33.218, false, false, 180.153.205.254, false, false, 180.153.206.28, false, false, 180.153.214.192, false, false, 180.153.201.15, false, false, 180.153.161.55, false, false, 180.153.212.13, false, false, 180.153.213.141, false, false
2013-04-21 21:24:00.166, 146.169.25.109, false, false, 146.169.6.76, false, false, 101.226.89.117, false, false, 180.153.114.199, false, false, 180.153.214.178, false, false, 180.153.214.180, false, false, 101.226.33.218, false, false, 180.153.205.254, false, false, 180.153.206.28, false, false, 180.153.214.192, false, false, 180.153.201.15, false, false, 180.153.161.55, false, false, 180.153.212.13, false, false, 180.153.213.141, false, false
2013-04-21 21:24:05.443, 146.169.25.109, false, false, 146.169.6.76, false, false, 101.226.89.117, false, false, 180.153.114.199, false, false, 180.153.214.178, false, false, 180.153.214.180, false, false, 101.226.33.218, false, false, 180.153.205.254, false, false, 180.153.206.28, false, false, 180.153.214.192, false, false, 180.153.201.15, false, false, 180.153.161.55, false, false, 180.153.212.13, false, false, 180.153.213.141, false, false
2013-04-21 21:24:13.725, 146.169.25.109, false, false, 146.169.6.76, false, false, 101.226.89.117, false, false, 180.153.114.199, false, false, 180.153.214.178, false, false, 180.153.214.180, false, false, 101.226.33.218, false, false, 180.153.205.254, false, false, 180.153.206.28, false, false, 180.153.214.192, false, false, 180.153.201.15, false, false, 180.153.161.55, false, false, 180.153.212.13, false, false, 180.153.213.141, false, false
2013-04-21 21:26:53.766, 146.169.25.109, true, false, 146.169.6.76, true, false, 101.226.89.117, false, false, 180.153.114.199, false, false, 180.153.214.178, false, false, 180.153.214.180, false, false, 101.226.33.218, false, false, 180.153.205.254, false, false, 180.153.206.28, false, false, 180.153.214.192, false, false, 180.153.201.15, false, false, 180.153.161.55, false, false, 180.153.212.13, false, false, 180.153.213.141, false, false
2013-04-21 21:29:14.036, 146.169.25.109, false, false, 146.169.6.76, true, false, 101.226.89.117, false, false, 180.153.114.199, false, false, 180.153.214.178, false, false, 180.153.214.180, false, false, 101.226.33.218, false, false, 180.153.205.254, false, false, 180.153.206.28, false, false, 180.153.214.192, false, false, 180.153.201.15, false, false, 180.153.161.55, false, false, 180.153.212.13, false, false, 180.153.213.141, false, false
2013-04-21 21:29:19.885, 146.169.25.109, false, false, 146.169.6.76, true, false, 101.226.89.117, false, false, 180.153.114.199, false, false, 180.153.214.178, false, false, 180.153.214.180, false, false, 101.226.33.218, false, false, 180.153.205.254, false, false, 180.153.206.28, false, false, 180.153.214.192, false, false, 180.153.201.15, false, false, 180.153.161.55, false, false, 180.153.212.13, false, false, 180.153.213.141, false, false
2013-04-21 21:29:50.713, 146.169.25.109, false, false, 146.169.6.76, true, false, 101.226.89.117, false, false, 180.153.114.199, false, false, 180.153.214.178, false, false, 180.153.214.180, false, false, 101.226.33.218, false, false, 180.153.205.254, false, false, 180.153.206.28, false, false, 180.153.214.192, false, false, 180.153.201.15, false, false, 180.153.161.55, false, false, 180.153.212.13, false, false, 180.153.213.141, false, false
2013-04-21 21:29:56.675, 146.169.25.109, false, false, 146.169.6.76, true, false, 101.226.89.117, false, false, 180.153.114.199, false, false, 180.153.214.178, false, false, 180.153.214.180, false, false, 101.226.33.218, false, false, 180.153.205.254, false, false, 180.153.206.28, false, false, 180.153.214.192, false, false, 180.153.201.15, false, false, 180.153.161.55, false, false, 180.153.212.13, false, false, 180.153.213.141, false, false
2013-04-21 21:30:01.98, 146.169.25.109, false, false, 146.169.6.76, true, false, 101.226.89.117, false, false, 180.153.114.199, false, false, 180.153.214.178, false, false, 180.153.214.180, false, false, 101.226.33.218, false, false, 180.153.205.254, false, false, 180.153.206.28, false, false, 180.153.214.192, false, false, 180.153.201.15, false, false, 180.153.161.55, false, false, 180.153.212.13, false, false, 180.153.213.141, false, false
2013-04-21 21:30:07.221, 146.169.25.109, false, false, 146.169.6.76, true, false, 101.226.89.117, false, false, 180.153.114.199, false, false, 180.153.214.178, false, false, 180.153.214.180, false, false, 101.226.33.218, false, false, 180.153.205.254, false, false, 180.153.206.28, false, false, 180.153.214.192, false, false, 180.153.201.15, false, false, 180.153.161.55, false, false, 180.153.212.13, false, false, 180.153.213.141, false, false
2013-04-21 21:30:29.833, 146.169.25.109, false, false, 146.169.6.76, true, false, 101.226.89.117, false, false, 180.153.114.199, false, false, 180.153.214.178, false, false, 180.153.214.180, false, false, 101.226.33.218, false, false, 180.153.205.254, false, false, 180.153.206.28, false, false, 180.153.214.192, false, false, 180.153.201.15, false, false, 180.153.161.55, false, false, 180.153.212.13, false, false, 180.153.213.141, false, false
2013-04-21 21:30:35.768, 146.169.25.109, false, false, 146.169.6.76, true, false, 101.226.89.117, false, false, 180.153.114.199, false, false, 180.153.214.178, false, false, 180.153.214.180, false, false, 101.226.33.218, false, false, 180.153.205.254, false, false, 180.153.206.28, false, false, 180.153.214.192, false, false, 180.153.201.15, false, false, 180.153.161.55, false, false, 180.153.212.13, false, false, 180.153.213.141, false, false
2013-04-21 21:30:41.046, 146.169.25.109, false, false, 146.169.6.76, true, false, 101.226.89.117, false, false, 180.153.114.199, false, false, 180.153.214.178, false, false, 180.153.214.180, false, false, 101.226.33.218, false, false, 180.153.205.254, false, false, 180.153.206.28, false, false, 180.153.214.192, false, false, 180.153.201.15, false, false, 180.153.161.55, false, false, 180.153.212.13, false, false, 180.153.213.141, false, false
2013-04-21 21:30:46.29, 146.169.25.109, false, false, 146.169.6.76, true, false, 101.226.89.117, false, false, 180.153.114.199, false, false, 180.153.214.178, false, false, 180.153.214.180, false, false, 101.226.33.218, false, false, 180.153.205.254, false, false, 180.153.206.28, false, false, 180.153.214.192, false, false, 180.153.201.15, false, false, 180.153.161.55, false, false, 180.153.212.13, false, false, 180.153.213.141, false, false
2013-04-21 21:30:51.605, 146.169.25.109, false, false, 146.169.6.76, true, false, 101.226.89.117, false, false, 180.153.114.199, false, false, 180.153.214.178, false, false, 180.153.214.180, false, false, 101.226.33.218, false, false, 180.153.205.254, false, false, 180.153.206.28, false, false, 180.153.214.192, false, false, 180.153.201.15, false, false, 180.153.161.55, false, false, 180.153.212.13, false, false, 180.153.213.141, false, false
2013-04-21 21:30:56.786, 146.169.25.109, false, false, 146.169.6.76, true, false, 101.226.89.117, false, false, 180.153.114.199, false, false, 180.153.214.178, false, false, 180.153.214.180, false, false, 101.226.33.218, false, false, 180.153.205.254, false, false, 180.153.206.28, false, false, 180.153.214.192, false, false, 180.153.201.15, false, false, 180.153.161.55, false, false, 180.153.212.13, false, false, 180.153.213.141, false, false
2013-04-21 21:31:01.965, 146.169.25.109, false, false, 146.169.6.76, true, false, 101.226.89.117, false, false, 180.153.114.199, false, false, 180.153.214.178, false, false, 180.153.214.180, false, false, 101.226.33.218, false, false, 180.153.205.254, false, false, 180.153.206.28, false, false, 180.153.214.192, false, false, 180.153.201.15, false, false, 180.153.161.55, false, false, 180.153.212.13, false, false, 180.153.213.141, false, false
2013-04-21 21:31:07.142, 146.169.25.109, false, false, 146.169.6.76, true, false, 101.226.89.117, false, false, 180.153.114.199, false, false, 180.153.214.178, false, false, 180.153.214.180, false, false, 101.226.33.218, false, false, 180.153.205.254, false, false, 180.153.206.28, false, false, 180.153.214.192, false, false, 180.153.201.15, false, false, 180.153.161.55, false, false, 180.153.212.13, false, false, 180.153.213.141, false, false
2013-04-21 21:31:12.31, 146.169.25.109, false, false, 146.169.6.76, true, false, 101.226.89.117, false, false, 180.153.114.199, false, false, 180.153.214.178, false, false, 180.153.214.180, false, false, 101.226.33.218, false, false, 180.153.205.254, false, false, 180.153.206.28, false, false, 180.153.214.192, false, false, 180.153.201.15, false, false, 180.153.161.55, false, false, 180.153.212.13, false, false, 180.153.213.141, false, false
2013-04-21 21:31:17.459, 146.169.25.109, false, false, 146.169.6.76, true, false, 101.226.89.117, false, false, 180.153.114.199, false, false, 180.153.214.178, false, false, 180.153.214.180, false, false, 101.226.33.218, false, false, 180.153.205.254, false, false, 180.153.206.28, false, false, 180.153.214.192, false, false, 180.153.201.15, false, false, 180.153.161.55, false, false, 180.153.212.13, false, false, 180.153.213.141, false, false
2013-04-21 21:31:22.611, 146.169.25.109, false, false, 146.169.6.76, true, false, 101.226.89.117, false, false, 180.153.114.199, false, false, 180.153.214.178, false, false, 180.153.214.180, false, false, 101.226.33.218, false, false, 180.153.205.254, false, false, 180.153.206.28, false, false, 180.153.214.192, false, false, 180.153.201.15, false, false, 180.153.161.55, false, false, 180.153.212.13, false, false, 180.153.213.141, false, false
2013-04-21 21:31:27.769, 146.169.25.109, false, false, 146.169.6.76, true, false, 101.226.89.117, false, false, 180.153.114.199, false, false, 180.153.214.178, false, false, 180.153.214.180, false, false, 101.226.33.218, false, false, 180.153.205.254, false, false, 180.153.206.28, false, false, 180.153.214.192, false, false, 180.153.201.15, false, false, 180.153.161.55, false, false, 180.153.212.13, false, false, 180.153.213.141, false, false
2013-04-21 21:31:32.928, 146.169.25.109, false, false, 146.169.6.76, true, false, 101.226.89.117, false, false, 180.153.114.199, false, false, 180.153.214.178, false, false, 180.153.214.180, false, false, 101.226.33.218, false, false, 180.153.205.254, false, false, 180.153.206.28, false, false, 180.153.214.192, false, false, 180.153.201.15, false, false, 180.153.161.55, false, false, 180.153.212.13, false, false, 180.153.213.141, false, false
2013-04-21 21:31:38.091, 146.169.25.109, false, false, 146.169.6.76, true, false, 101.226.89.117, false, false, 180.153.114.199, false, false, 180.153.214.178, false, false, 180.153.214.180, false, false, 101.226.33.218, false, false, 180.153.205.254, false, false, 180.153.206.28, false, false, 180.153.214.192, false, false, 180.153.201.15, false, false, 180.153.161.55, false, false, 180.153.212.13, false, false, 180.153.213.141, false, false
2013-04-21 21:31:43.233, 146.169.25.109, false, false, 146.169.6.76, true, false, 101.226.89.117, false, false, 180.153.114.199, false, false, 180.153.214.178, false, false, 180.153.214.180, false, false, 101.226.33.218, false, false, 180.153.205.254, false, false, 180.153.206.28, false, false, 180.153.214.192, false, false, 180.153.201.15, false, false, 180.153.161.55, false, false, 180.153.212.13, false, false, 180.153.213.141, false, false
2013-04-21 21:31:48.384, 146.169.25.109, false, false, 146.169.6.76, true, false, 101.226.89.117, false, false, 180.153.114.199, false, false, 180.153.214.178, false, false, 180.153.214.180, false, false, 101.226.33.218, false, false, 180.153.205.254, false, false, 180.153.206.28, false, false, 180.153.214.192, false, false, 180.153.201.15, false, false, 180.153.161.55, false, false, 180.153.212.13, false, false, 180.153.213.141, false, false
2013-04-21 21:31:53.547, 146.169.25.109, false, false, 146.169.6.76, true, false, 101.226.89.117, false, false, 180.153.114.199, false, false, 180.153.214.178, false, false, 180.153.214.180, false, false, 101.226.33.218, false, false, 180.153.205.254, false, false, 180.153.206.28, false, false, 180.153.214.192, false, false, 180.153.201.15, false, false, 180.153.161.55, false, false, 180.153.212.13, false, false, 180.153.213.141, false, false
2013-04-21 21:31:58.7, 146.169.25.109, false, false, 146.169.6.76, true, false, 101.226.89.117, false, false, 180.153.114.199, false, false, 180.153.214.178, false, false, 180.153.214.180, false, false, 101.226.33.218, false, false, 180.153.205.254, false, false, 180.153.206.28, false, false, 180.153.214.192, false, false, 180.153.201.15, false, false, 180.153.161.55, false, false, 180.153.212.13, false, false, 180.153.213.141, false, false
2013-04-21 21:32:03.847, 146.169.25.109, false, false, 146.169.6.76, true, false, 101.226.89.117, false, false, 180.153.114.199, false, false, 180.153.214.178, false, false, 180.153.214.180, false, false, 101.226.33.218, false, false, 180.153.205.254, false, false, 180.153.206.28, false, false, 180.153.214.192, false, false, 180.153.201.15, false, false, 180.153.161.55, false, false, 180.153.212.13, false, false, 180.153.213.141, false, false
2013-04-21 21:32:08.988, 146.169.25.109, false, false, 146.169.6.76, true, false, 101.226.89.117, false, false, 180.153.114.199, false, false, 180.153.214.178, false, false, 180.153.214.180, false, false, 101.226.33.218, false, false, 180.153.205.254, false, false, 180.153.206.28, false, false, 180.153.214.192, false, false, 180.153.201.15, false, false, 180.153.161.55, false, false, 180.153.212.13, false, false, 180.153.213.141, false, false
2013-04-21 21:32:14.138, 146.169.25.109, false, false, 146.169.6.76, true, false, 101.226.89.117, false, false, 180.153.114.199, false, false, 180.153.214.178, false, false, 180.153.214.180, false, false, 101.226.33.218, false, false, 180.153.205.254, false, false, 180.153.206.28, false, false, 180.153.214.192, false, false, 180.153.201.15, false, false, 180.153.161.55, false, false, 180.153.212.13, false, false, 180.153.213.141, false, false
2013-04-21 21:32:19.284, 146.169.25.109, false, false, 146.169.6.76, true, false, 101.226.89.117, false, false, 180.153.114.199, false, false, 180.153.214.178, false, false, 180.153.214.180, false, false, 101.226.33.218, false, false, 180.153.205.254, false, false, 180.153.206.28, false, false, 180.153.214.192, false, false, 180.153.201.15, false, false, 180.153.161.55, false, false, 180.153.212.13, false, false, 180.153.213.141, false, false
2013-04-21 21:32:24.438, 146.169.25.109, false, false, 146.169.6.76, true, false, 101.226.89.117, false, false, 180.153.114.199, false, false, 180.153.214.178, false, false, 180.153.214.180, false, false, 101.226.33.218, false, false, 180.153.205.254, false, false, 180.153.206.28, false, false, 180.153.214.192, false, false, 180.153.201.15, false, false, 180.153.161.55, false, false, 180.153.212.13, false, false, 180.153.213.141, false, false
2013-04-21 21:32:29.595, 146.169.25.109, false, false, 146.169.6.76, true, false, 101.226.89.117, false, false, 180.153.114.199, false, false, 180.153.214.178, false, false, 180.153.214.180, false, false, 101.226.33.218, false, false, 180.153.205.254, false, false, 180.153.206.28, false, false, 180.153.214.192, false, false, 180.153.201.15, false, false, 180.153.161.55, false, false, 180.153.212.13, false, false, 180.153.213.141, false, false
2013-04-21 21:32:34.754, 146.169.25.109, false, false, 146.169.6.76, true, false, 101.226.89.117, false, false, 180.153.114.199, false, false, 180.153.214.178, false, false, 180.153.214.180, false, false, 101.226.33.218, false, false, 180.153.205.254, false, false, 180.153.206.28, false, false, 180.153.214.192, false, false, 180.153.201.15, false, false, 180.153.161.55, false, false, 180.153.212.13, false, false, 180.153.213.141, false, false
2013-04-21 21:32:39.922, 146.169.25.109, false, false, 146.169.6.76, true, false, 101.226.89.117, false, false, 180.153.114.199, false, false, 180.153.214.178, false, false, 180.153.214.180, false, false, 101.226.33.218, false, false, 180.153.205.254, false, false, 180.153.206.28, false, false, 180.153.214.192, false, false, 180.153.201.15, false, false, 180.153.161.55, false, false, 180.153.212.13, false, false, 180.153.213.141, false, false
2013-04-21 21:32:45.079, 146.169.25.109, false, false, 146.169.6.76, true, false, 101.226.89.117, false, false, 180.153.114.199, false, false, 180.153.214.178, false, false, 180.153.214.180, false, false, 101.226.33.218, false, false, 180.153.205.254, false, false, 180.153.206.28, false, false, 180.153.214.192, false, false, 180.153.201.15, false, false, 180.153.161.55, false, false, 180.153.212.13, false, false, 180.153.213.141, false, false
2013-04-21 21:32:50.221, 146.169.25.109, false, false, 146.169.6.76, true, false, 101.226.89.117, false, false, 180.153.114.199, false, false, 180.153.214.178, false, false, 180.153.214.180, false, false, 101.226.33.218, false, false, 180.153.205.254, false, false, 180.153.206.28, false, false, 180.153.214.192, false, false, 180.153.201.15, false, false, 180.153.161.55, false, false, 180.153.212.13, false, false, 180.153.213.141, false, false
2013-04-21 21:32:55.37, 146.169.25.109, false, false, 146.169.6.76, true, false, 101.226.89.117, false, false, 180.153.114.199, false, false, 180.153.214.178, false, false, 180.153.214.180, false, false, 101.226.33.218, false, false, 180.153.205.254, false, false, 180.153.206.28, false, false, 180.153.214.192, false, false, 180.153.201.15, false, false, 180.153.161.55, false, false, 180.153.212.13, false, false, 180.153.213.141, false, false
2013-04-21 21:33:00.511, 146.169.25.109, false, false, 146.169.6.76, true, false, 101.226.89.117, false, false, 180.153.114.199, false, false, 180.153.214.178, false, false, 180.153.214.180, false, false, 101.226.33.218, false, false, 180.153.205.254, false, false, 180.153.206.28, false, false, 180.153.214.192, false, false, 180.153.201.15, false, false, 180.153.161.55, false, false, 180.153.212.13, false, false, 180.153.213.141, false, false
2013-04-21 21:33:05.663, 146.169.25.109, false, false, 146.169.6.76, true, false, 101.226.89.117, false, false, 180.153.114.199, false, false, 180.153.214.178, false, false, 180.153.214.180, false, false, 101.226.33.218, false, false, 180.153.205.254, false, false, 180.153.206.28, false, false, 180.153.214.192, false, false, 180.153.201.15, false, false, 180.153.161.55, false, false, 180.153.212.13, false, false, 180.153.213.141, false, false
2013-04-21 21:33:10.812, 146.169.25.109, false, false, 146.169.6.76, true, false, 101.226.89.117, false, false, 180.153.114.199, false, false, 180.153.214.178, false, false, 180.153.214.180, false, false, 101.226.33.218, false, false, 180.153.205.254, false, false, 180.153.206.28, false, false, 180.153.214.192, false, false, 180.153.201.15, false, false, 180.153.161.55, false, false, 180.153.212.13, false, false, 180.153.213.141, false, false
2013-04-21 21:33:15.971, 146.169.25.109, false, false, 146.169.6.76, true, false, 101.226.89.117, false, false, 180.153.114.199, false, false, 180.153.214.178, false, false, 180.153.214.180, false, false, 101.226.33.218, false, false, 180.153.205.254, false, false, 180.153.206.28, false, false, 180.153.214.192, false, false, 180.153.201.15, false, false, 180.153.161.55, false, false, 180.153.212.13, false, false, 180.153.213.141, false, false
2013-04-21 21:33:21.123, 146.169.25.109, false, false, 146.169.6.76, true, false, 101.226.89.117, false, false, 180.153.114.199, false, false, 180.153.214.178, false, false, 180.153.214.180, false, false, 101.226.33.218, false, false, 180.153.205.254, false, false, 180.153.206.28, false, false, 180.153.214.192, false, false, 180.153.201.15, false, false, 180.153.161.55, false, false, 180.153.212.13, false, false, 180.153.213.141, false, false
2013-04-21 21:33:26.316, 146.169.25.109, false, false, 146.169.6.76, true, false, 101.226.89.117, false, false, 180.153.114.199, false, false, 180.153.214.178, false, false, 180.153.214.180, false, false, 101.226.33.218, false, false, 180.153.205.254, false, false, 180.153.206.28, false, false, 180.153.214.192, false, false, 180.153.201.15, false, false, 180.153.161.55, false, false, 180.153.212.13, false, false, 180.153.213.141, false, false
2013-04-21 21:33:31.488, 146.169.25.109, false, false, 146.169.6.76, true, false, 101.226.89.117, false, false, 180.153.114.199, false, false, 180.153.214.178, false, false, 180.153.214.180, false, false, 101.226.33.218, false, false, 180.153.205.254, false, false, 180.153.206.28, false, false, 180.153.214.192, false, false, 180.153.201.15, false, false, 180.153.161.55, false, false, 180.153.212.13, false, false, 180.153.213.141, false, false
2013-04-21 21:33:36.644, 146.169.25.109, false, false, 146.169.6.76, true, false, 101.226.89.117, false, false, 180.153.114.199, false, false, 180.153.214.178, false, false, 180.153.214.180, false, false, 101.226.33.218, false, false, 180.153.205.254, false, false, 180.153.206.28, false, false, 180.153.214.192, false, false, 180.153.201.15, false, false, 180.153.161.55, false, false, 180.153.212.13, false, false, 180.153.213.141, false, false
2013-04-21 21:33:41.788, 146.169.25.109, false, false, 146.169.6.76, true, false, 101.226.89.117, false, false, 180.153.114.199, false, false, 180.153.214.178, false, false, 180.153.214.180, false, false, 101.226.33.218, false, false, 180.153.205.254, false, false, 180.153.206.28, false, false, 180.153.214.192, false, false, 180.153.201.15, false, false, 180.153.161.55, false, false, 180.153.212.13, false, false, 180.153.213.141, false, false
2013-04-21 21:33:46.935, 146.169.25.109, false, false, 146.169.6.76, true, false, 101.226.89.117, false, false, 180.153.114.199, false, false, 180.153.214.178, false, false, 180.153.214.180, false, false, 101.226.33.218, false, false, 180.153.205.254, false, false, 180.153.206.28, false, false, 180.153.214.192, false, false, 180.153.201.15, false, false, 180.153.161.55, false, false, 180.153.212.13, false, false, 180.153.213.141, false, false
2013-04-21 21:33:52.148, 146.169.25.109, false, false, 146.169.6.76, true, false, 101.226.89.117, false, false, 180.153.114.199, false, false, 180.153.214.178, false, false, 180.153.214.180, false, false, 101.226.33.218, false, false, 180.153.205.254, false, false, 180.153.206.28, false, false, 180.153.214.192, false, false, 180.153.201.15, false, false, 180.153.161.55, false, false, 180.153.212.13, false, false, 180.153.213.141, false, false
2013-04-21 21:33:57.292, 146.169.25.109, false, false, 146.169.6.76, true, false, 101.226.89.117, false, false, 180.153.114.199, false, false, 180.153.214.178, false, false, 180.153.214.180, false, false, 101.226.33.218, false, false, 180.153.205.254, false, false, 180.153.206.28, false, false, 180.153.214.192, false, false, 180.153.201.15, false, false, 180.153.161.55, false, false, 180.153.212.13, false, false, 180.153.213.141, false, false
2013-04-21 21:34:02.441, 146.169.25.109, false, false, 146.169.6.76, true, false, 101.226.89.117, false, false, 180.153.114.199, false, false, 180.153.214.178, false, false, 180.153.214.180, false, false, 101.226.33.218, false, false, 180.153.205.254, false, false, 180.153.206.28, false, false, 180.153.214.192, false, false, 180.153.201.15, false, false, 180.153.161.55, false, false, 180.153.212.13, false, false, 180.153.213.141, false, false
2013-04-21 21:34:07.611, 146.169.25.109, false, false, 146.169.6.76, true, false, 101.226.89.117, false, false, 180.153.114.199, false, false, 180.153.214.178, false, false, 180.153.214.180, false, false, 101.226.33.218, false, false, 180.153.205.254, false, false, 180.153.206.28, false, false, 180.153.214.192, false, false, 180.153.201.15, false, false, 180.153.161.55, false, false, 180.153.212.13, false, false, 180.153.213.141, false, false
2013-04-21 21:34:12.749, 146.169.25.109, false, false, 146.169.6.76, true, false, 101.226.89.117, false, false, 180.153.114.199, false, false, 180.153.214.178, false, false, 180.153.214.180, false, false, 101.226.33.218, false, false, 180.153.205.254, false, false, 180.153.206.28, false, false, 180.153.214.192, false, false, 180.153.201.15, false, false, 180.153.161.55, false, false, 180.153.212.13, false, false, 180.153.213.141, false, false
2013-04-21 21:34:17.897, 146.169.25.109, false, false, 146.169.6.76, true, false, 101.226.89.117, false, false, 180.153.114.199, false, false, 180.153.214.178, false, false, 180.153.214.180, false, false, 101.226.33.218, false, false, 180.153.205.254, false, false, 180.153.206.28, false, false, 180.153.214.192, false, false, 180.153.201.15, false, false, 180.153.161.55, false, false, 180.153.212.13, false, false, 180.153.213.141, false, false
2013-04-21 21:34:23.042, 146.169.25.109, false, false, 146.169.6.76, true, false, 101.226.89.117, false, false, 180.153.114.199, false, false, 180.153.214.178, false, false, 180.153.214.180, false, false, 101.226.33.218, false, false, 180.153.205.254, false, false, 180.153.206.28, false, false, 180.153.214.192, false, false, 180.153.201.15, false, false, 180.153.161.55, false, false, 180.153.212.13, false, false, 180.153.213.141, false, false
2013-04-21 21:34:28.192, 146.169.25.109, false, false, 146.169.6.76, true, false, 101.226.89.117, false, false, 180.153.114.199, false, false, 180.153.214.178, false, false, 180.153.214.180, false, false, 101.226.33.218, false, false, 180.153.205.254, false, false, 180.153.206.28, false, false, 180.153.214.192, false, false, 180.153.201.15, false, false, 180.153.161.55, false, false, 180.153.212.13, false, false, 180.153.213.141, false, false
2013-04-21 21:34:33.344, 146.169.25.109, false, false, 146.169.6.76, true, false, 101.226.89.117, false, false, 180.153.114.199, false, false, 180.153.214.178, false, false, 180.153.214.180, false, false, 101.226.33.218, false, false, 180.153.205.254, false, false, 180.153.206.28, false, false, 180.153.214.192, false, false, 180.153.201.15, false, false, 180.153.161.55, false, false, 180.153.212.13, false, false, 180.153.213.141, false, false
2013-04-21 21:34:38.485, 146.169.25.109, false, false, 146.169.6.76, true, false, 101.226.89.117, false, false, 180.153.114.199, false, false, 180.153.214.178, false, false, 180.153.214.180, false, false, 101.226.33.218, false, false, 180.153.205.254, false, false, 180.153.206.28, false, false, 180.153.214.192, false, false, 180.153.201.15, false, false, 180.153.161.55, false, false, 180.153.212.13, false, false, 180.153.213.141, false, false
2013-04-21 21:34:43.644, 146.169.25.109, false, false, 146.169.6.76, true, false, 101.226.89.117, false, false, 180.153.114.199, false, false, 180.153.214.178, false, false, 180.153.214.180, false, false, 101.226.33.218, false, false, 180.153.205.254, false, false, 180.153.206.28, false, false, 180.153.214.192, false, false, 180.153.201.15, false, false, 180.153.161.55, false, false, 180.153.212.13, false, false, 180.153.213.141, false, false
2013-04-21 21:34:48.788, 146.169.25.109, false, false, 146.169.6.76, true, false, 101.226.89.117, false, false, 180.153.114.199, false, false, 180.153.214.178, false, false, 180.153.214.180, false, false, 101.226.33.218, false, false, 180.153.205.254, false, false, 180.153.206.28, false, false, 180.153.214.192, false, false, 180.153.201.15, false, false, 180.153.161.55, false, false, 180.153.212.13, false, false, 180.153.213.141, false, false
2013-04-21 21:34:53.929, 146.169.25.109, false, false, 146.169.6.76, true, false, 101.226.89.117, false, false, 180.153.114.199, false, false, 180.153.214.178, false, false, 180.153.214.180, false, false, 101.226.33.218, false, false, 180.153.205.254, false, false, 180.153.206.28, false, false, 180.153.214.192, false, false, 180.153.201.15, false, false, 180.153.161.55, false, false, 180.153.212.13, false, false, 180.153.213.141, false, false
2013-04-21 21:34:59.066, 146.169.25.109, false, false, 146.169.6.76, true, false, 101.226.89.117, false, false, 180.153.114.199, false, false, 180.153.214.178, false, false, 180.153.214.180, false, false, 101.226.33.218, false, false, 180.153.205.254, false, false, 180.153.206.28, false, false, 180.153.214.192, false, false, 180.153.201.15, false, false, 180.153.161.55, false, false, 180.153.212.13, false, false, 180.153.213.141, false, false
2013-04-21 21:35:04.195, 146.169.25.109, false, false, 146.169.6.76, true, false, 101.226.89.117, false, false, 180.153.114.199, false, false, 180.153.214.178, false, false, 180.153.214.180, false, false, 101.226.33.218, false, false, 180.153.205.254, false, false, 180.153.206.28, false, false, 180.153.214.192, false, false, 180.153.201.15, false, false, 180.153.161.55, false, false, 180.153.212.13, false, false, 180.153.213.141, false, false
2013-04-21 21:35:09.342, 146.169.25.109, false, false, 146.169.6.76, true, false, 101.226.89.117, false, false, 180.153.114.199, false, false, 180.153.214.178, false, false, 180.153.214.180, false, false, 101.226.33.218, false, false, 180.153.205.254, false, false, 180.153.206.28, false, false, 180.153.214.192, false, false, 180.153.201.15, false, false, 180.153.161.55, false, false, 180.153.212.13, false, false, 180.153.213.141, false, false
2013-04-21 21:37:35.444, 146.169.25.109, false, false, 146.169.6.76, true, false, 101.226.89.117, false, false, 180.153.114.199, false, false, 180.153.214.178, false, false, 180.153.214.180, false, false, 101.226.33.218, false, false, 180.153.205.254, false, false, 180.153.206.28, false, false, 180.153.214.192, false, false, 180.153.201.15, false, false, 180.153.161.55, false, false, 180.153.212.13, false, false, 180.153.213.141, false, false
2013-04-21 21:39:14.457, 146.169.25.109, false, false, 146.169.6.76, true, false, 101.226.89.117, false, false, 180.153.114.199, false, false, 180.153.214.178, false, false, 180.153.214.180, false, false, 101.226.33.218, false, false, 180.153.205.254, false, false, 180.153.206.28, false, false, 180.153.214.192, false, false, 180.153.201.15, false, false, 180.153.161.55, false, false, 180.153.212.13, false, false, 180.153.213.141, false, false
2013-04-21 21:41:47.755, 146.169.25.109, false, false, 146.169.6.76, true, false, 101.226.89.117, false, false, 180.153.114.199, false, false, 180.153.214.178, false, false, 180.153.214.180, false, false, 101.226.33.218, false, false, 180.153.205.254, false, false, 180.153.206.28, false, false, 180.153.214.192, false, false, 180.153.201.15, false, false, 180.153.161.55, false, false, 180.153.212.13, false, false, 180.153.213.141, false, false
2013-04-21 21:45:41.019, 146.169.25.109, false, false, 146.169.6.76, true, false, 101.226.89.117, false, false, 180.153.114.199, false, false, 180.153.214.178, false, false, 180.153.214.180, false, false, 101.226.33.218, false, false, 180.153.205.254, false, false, 180.153.206.28, false, false, 180.153.214.192, false, false, 180.153.201.15, false, false, 180.153.161.55, false, false, 180.153.212.13, false, false, 180.153.213.141, false, false
2013-04-21 21:45:46.859, 146.169.25.109, false, false, 146.169.6.76, true, false, 101.226.89.117, false, false, 180.153.114.199, false, false, 180.153.214.178, false, false, 180.153.214.180, false, false, 101.226.33.218, false, false, 180.153.205.254, false, false, 180.153.206.28, false, false, 180.153.214.192, false, false, 180.153.201.15, false, false, 180.153.161.55, false, false, 180.153.212.13, false, false, 180.153.213.141, false, false
2013-04-21 21:45:52.19, 146.169.25.109, false, false, 146.169.6.76, true, false, 101.226.89.117, false, false, 180.153.114.199, false, false, 180.153.214.178, false, false, 180.153.214.180, false, false, 101.226.33.218, false, false, 180.153.205.254, false, false, 180.153.206.28, false, false, 180.153.214.192, false, false, 180.153.201.15, false, false, 180.153.161.55, false, false, 180.153.212.13, false, false, 180.153.213.141, false, false
2013-04-21 21:45:57.531, 146.169.25.109, false, false, 146.169.6.76, true, false, 101.226.89.117, false, false, 180.153.114.199, false, false, 180.153.214.178, false, false, 180.153.214.180, false, false, 101.226.33.218, false, false, 180.153.205.254, false, false, 180.153.206.28, false, false, 180.153.214.192, false, false, 180.153.201.15, false, false, 180.153.161.55, false, false, 180.153.212.13, false, false, 180.153.213.141, false, false
2013-04-21 21:46:02.843, 146.169.25.109, false, false, 146.169.6.76, true, false, 101.226.89.117, false, false, 180.153.114.199, false, false, 180.153.214.178, false, false, 180.153.214.180, false, false, 101.226.33.218, false, false, 180.153.205.254, false, false, 180.153.206.28, false, false, 180.153.214.192, false, false, 180.153.201.15, false, false, 180.153.161.55, false, false, 180.153.212.13, false, false, 180.153.213.141, false, false
2013-04-21 21:47:01.514, 146.169.25.109, false, false, 146.169.6.76, true, false, 101.226.89.117, false, false, 180.153.114.199, false, false, 180.153.214.178, false, false, 180.153.214.180, false, false, 101.226.33.218, false, false, 180.153.205.254, false, false, 180.153.206.28, false, false, 180.153.214.192, false, false, 180.153.201.15, false, false, 180.153.161.55, false, false, 180.153.212.13, false, false, 180.153.213.141, false, false
2013-04-21 21:47:07.442, 146.169.25.109, false, false, 146.169.6.76, true, false, 101.226.89.117, false, false, 180.153.114.199, false, false, 180.153.214.178, false, false, 180.153.214.180, false, false, 101.226.33.218, false, false, 180.153.205.254, false, false, 180.153.206.28, false, false, 180.153.214.192, false, false, 180.153.201.15, false, false, 180.153.161.55, false, false, 180.153.212.13, false, false, 180.153.213.141, false, false
2013-04-21 21:48:56.932, 146.169.25.109, false, false, 146.169.6.76, true, false, 101.226.89.117, false, false, 180.153.114.199, false, false, 180.153.214.178, false, false, 180.153.214.180, false, false, 101.226.33.218, false, false, 180.153.205.254, false, false, 180.153.206.28, false, false, 180.153.214.192, false, false, 180.153.201.15, false, false, 180.153.161.55, false, false, 180.153.212.13, false, false, 180.153.213.141, false, false
2013-04-21 21:49:03.381, 146.169.25.109, false, false, 146.169.6.76, true, false, 101.226.89.117, false, false, 180.153.114.199, false, false, 180.153.214.178, false, false, 180.153.214.180, false, false, 101.226.33.218, false, false, 180.153.205.254, false, false, 180.153.206.28, false, false, 180.153.214.192, false, false, 180.153.201.15, false, false, 180.153.161.55, false, false, 180.153.212.13, false, false, 180.153.213.141, false, false
2013-04-21 21:49:17.228, 146.169.25.109, false, false, 146.169.6.76, true, false, 101.226.89.117, false, false, 180.153.114.199, false, false, 180.153.214.178, false, false, 180.153.214.180, false, false, 101.226.33.218, false, false, 180.153.205.254, false, false, 180.153.206.28, false, false, 180.153.214.192, false, false, 180.153.201.15, false, false, 180.153.161.55, false, false, 180.153.212.13, false, false, 180.153.213.141, false, false
2013-04-21 21:49:47.563, 146.169.25.109, false, true, 146.169.6.76, true, false, 101.226.89.117, false, false, 180.153.114.199, false, false, 180.153.214.178, false, false, 180.153.214.180, false, false, 101.226.33.218, false, false, 180.153.205.254, false, false, 180.153.206.28, false, false, 180.153.214.192, false, false, 180.153.201.15, false, false, 180.153.161.55, false, false, 180.153.212.13, false, false, 180.153.213.141, false, false
2013-04-21 21:51:13.264, 146.169.25.109, false, true, 146.169.6.76, true, false, 101.226.89.117, false, false, 180.153.114.199, false, false, 180.153.214.178, false, false, 180.153.214.180, false, false, 101.226.33.218, false, false, 180.153.205.254, false, false, 180.153.206.28, false, false, 180.153.214.192, false, false, 180.153.201.15, false, false, 180.153.161.55, false, false, 180.153.212.13, false, false, 180.153.213.141, false, false
2013-04-21 21:52:55.365, 146.169.25.109, false, true, 146.169.6.76, true, false, 101.226.89.117, false, false, 180.153.114.199, false, false, 180.153.214.178, false, false, 180.153.214.180, false, false, 101.226.33.218, false, false, 180.153.205.254, false, false, 180.153.206.28, false, false, 180.153.214.192, false, false, 180.153.201.15, false, false, 180.153.161.55, false, false, 180.153.212.13, false, false, 180.153.213.141, false, false
2013-04-21 21:53:01.412, 146.169.25.109, false, true, 146.169.6.76, true, false, 101.226.89.117, false, false, 180.153.114.199, false, false, 180.153.214.178, false, false, 180.153.214.180, false, false, 101.226.33.218, false, false, 180.153.205.254, false, false, 180.153.206.28, false, false, 180.153.214.192, false, false, 180.153.201.15, false, false, 180.153.161.55, false, false, 180.153.212.13, false, false, 180.153.213.141, false, false
2013-04-21 21:53:06.791, 146.169.25.109, false, true, 146.169.6.76, true, false, 101.226.89.117, false, false, 180.153.114.199, false, false, 180.153.214.178, false, false, 180.153.214.180, false, false, 101.226.33.218, false, false, 180.153.205.254, false, false, 180.153.206.28, false, false, 180.153.214.192, false, false, 180.153.201.15, false, false, 180.153.161.55, false, false, 180.153.212.13, false, false, 180.153.213.141, false, false
2013-04-21 21:53:12.054, 146.169.25.109, false, true, 146.169.6.76, true, false, 101.226.89.117, false, false, 180.153.114.199, false, false, 180.153.214.178, false, false, 180.153.214.180, false, false, 101.226.33.218, false, false, 180.153.205.254, false, false, 180.153.206.28, false, false, 180.153.214.192, false, false, 180.153.201.15, false, false, 180.153.161.55, false, false, 180.153.212.13, false, false, 180.153.213.141, false, false
2013-04-21 21:53:17.393, 146.169.25.109, false, true, 146.169.6.76, true, false, 101.226.89.117, false, false, 180.153.114.199, false, false, 180.153.214.178, false, false, 180.153.214.180, false, false, 101.226.33.218, false, false, 180.153.205.254, false, false, 180.153.206.28, false, false, 180.153.214.192, false, false, 180.153.201.15, false, false, 180.153.161.55, false, false, 180.153.212.13, false, false, 180.153.213.141, false, false
2013-04-21 21:53:22.634, 146.169.25.109, false, true, 146.169.6.76, true, false, 101.226.89.117, false, false, 180.153.114.199, false, false, 180.153.214.178, false, false, 180.153.214.180, false, false, 101.226.33.218, false, false, 180.153.205.254, false, false, 180.153.206.28, false, false, 180.153.214.192, false, false, 180.153.201.15, false, false, 180.153.161.55, false, false, 180.153.212.13, false, false, 180.153.213.141, false, false
2013-04-21 21:53:27.83, 146.169.25.109, false, true, 146.169.6.76, true, false, 101.226.89.117, false, false, 180.153.114.199, false, false, 180.153.214.178, false, false, 180.153.214.180, false, false, 101.226.33.218, false, false, 180.153.205.254, false, false, 180.153.206.28, false, false, 180.153.214.192, false, false, 180.153.201.15, false, false, 180.153.161.55, false, false, 180.153.212.13, false, false, 180.153.213.141, false, false
2013-04-21 21:53:33.013, 146.169.25.109, false, true, 146.169.6.76, true, false, 101.226.89.117, false, false, 180.153.114.199, false, false, 180.153.214.178, false, false, 180.153.214.180, false, false, 101.226.33.218, false, false, 180.153.205.254, false, false, 180.153.206.28, false, false, 180.153.214.192, false, false, 180.153.201.15, false, false, 180.153.161.55, false, false, 180.153.212.13, false, false, 180.153.213.141, false, false
2013-04-22 08:34:37.368, 146.169.6.76, false, false
2013-04-22 08:34:43.023, 146.169.6.76, false, false
2013-04-22 08:34:48.103, 146.169.6.76, false, false
2013-04-22 08:36:00.413, 146.169.6.76, false, false
2013-04-22 08:36:06.072, 146.169.6.76, false, false
2013-04-22 08:36:11.15, 146.169.6.76, false, false
2013-04-22 08:36:16.214, 146.169.6.76, false, false
2013-04-22 08:36:21.292, 146.169.6.76, false, false
2013-04-22 08:36:26.351, 146.169.6.76, false, false
2013-04-22 08:36:31.417, 146.169.6.76, false, false
2013-04-22 08:36:36.512, 146.169.6.76, false, false
2013-04-22 08:36:41.566, 146.169.6.76, false, false
2013-04-22 08:36:46.627, 146.169.6.76, false, false
2013-04-22 08:36:51.702, 146.169.6.76, false, false
2013-04-22 08:36:56.815, 146.169.6.76, false, false
2013-04-22 08:37:01.958, 146.169.6.76, false, false
2013-04-22 08:37:07.013, 146.169.6.76, false, false
2013-04-22 08:37:12.056, 146.169.6.76, false, false
2013-04-22 08:37:17.1, 146.169.6.76, false, false
2013-04-22 08:37:22.139, 146.169.6.76, false, false
2013-04-22 08:37:27.181, 146.169.6.76, false, false
2013-04-22 08:37:32.239, 146.169.6.76, false, false
2013-04-22 08:37:37.294, 146.169.6.76, false, false
2013-04-22 08:37:42.34, 146.169.6.76, false, false
2013-04-22 08:37:47.391, 146.169.6.76, false, false
2013-04-22 08:37:52.431, 146.169.6.76, false, false
2013-04-22 08:37:57.467, 146.169.6.76, false, false
2013-04-22 08:38:02.51, 146.169.6.76, false, false
2013-04-22 08:38:07.549, 146.169.6.76, false, false
2013-04-22 08:38:12.648, 146.169.6.76, false, false
2013-04-22 08:38:15.49, 146.169.6.76, false, false
2013-04-22 08:38:17.742, 146.169.6.76, false, false
2013-04-22 08:38:21.556, 146.169.6.76, false, false
2013-04-22 08:38:22.784, 146.169.6.76, false, false
2013-04-22 08:38:27.817, 146.169.6.76, false, false
2013-04-22 08:38:32.849, 146.169.6.76, false, false
2013-04-22 08:38:37.88, 146.169.6.76, false, false
2013-04-22 14:46:44.882, 146.169.25.137, false, false, 146.169.24.50, false, false, 146.169.25.131, false, false, 129.31.210.124, false, false, 146.169.25.105, false, false, 129.31.224.72, false, false, 146.169.24.81, false, false, 129.31.209.29, false, false, 146.169.24.111, false, false
2013-04-22 14:46:50.912, 146.169.25.137, false, false, 146.169.24.50, false, false, 146.169.25.131, false, false, 129.31.210.124, false, false, 146.169.25.105, false, false, 129.31.224.72, false, false, 146.169.24.81, false, false, 129.31.209.29, false, false, 146.169.24.111, false, false
2013-04-22 14:46:56.202, 146.169.25.137, false, false, 146.169.24.50, false, false, 146.169.25.131, false, false, 129.31.210.124, false, false, 146.169.25.105, false, false, 129.31.224.72, false, false, 146.169.24.81, false, false, 129.31.209.29, false, false, 146.169.24.111, false, false
2013-04-22 14:47:01.475, 146.169.25.137, false, false, 146.169.24.50, false, false, 146.169.25.131, false, false, 129.31.210.124, false, false, 146.169.25.105, false, false, 129.31.224.72, false, false, 146.169.24.81, false, false, 129.31.209.29, false, false, 146.169.24.111, false, false
2013-04-22 14:47:06.661, 146.169.25.137, false, false, 146.169.24.50, false, false, 146.169.25.131, false, false, 129.31.210.124, false, false, 146.169.25.105, false, false, 129.31.224.72, false, false, 146.169.24.81, false, false, 129.31.209.29, false, false, 146.169.24.111, false, false
2013-04-22 14:47:11.845, 146.169.25.137, false, false, 146.169.24.50, false, false, 146.169.25.131, false, false, 129.31.210.124, false, false, 146.169.25.105, false, false, 129.31.224.72, false, false, 146.169.24.81, false, false, 129.31.209.29, false, false, 146.169.24.111, false, false
2013-04-22 14:47:17.032, 146.169.25.137, false, false, 146.169.24.50, false, false, 146.169.25.131, false, false, 129.31.210.124, false, false, 146.169.25.105, false, false, 129.31.224.72, false, false, 146.169.24.81, false, false, 129.31.209.29, false, false, 146.169.24.111, false, false
2013-04-22 14:47:22.183, 146.169.25.137, false, false, 146.169.24.50, false, false, 146.169.25.131, false, false, 129.31.210.124, false, false, 146.169.25.105, false, false, 129.31.224.72, false, false, 146.169.24.81, false, false, 129.31.209.29, false, false, 146.169.24.111, false, false
2013-04-22 14:47:27.346, 146.169.25.137, false, false, 146.169.24.50, false, false, 146.169.25.131, false, false, 129.31.210.124, false, false, 146.169.25.105, false, false, 129.31.224.72, false, false, 146.169.24.81, false, false, 129.31.209.29, false, false, 146.169.24.111, false, false
2013-04-22 14:47:32.492, 146.169.25.137, false, false, 146.169.24.50, false, false, 146.169.25.131, false, false, 129.31.210.124, false, false, 146.169.25.105, false, false, 129.31.224.72, false, false, 146.169.24.81, false, false, 129.31.209.29, false, false, 146.169.24.111, false, false
2013-04-22 14:47:37.678, 146.169.25.137, false, false, 146.169.24.50, false, false, 146.169.25.131, false, false, 129.31.210.124, false, false, 146.169.25.105, false, false, 129.31.224.72, false, false, 146.169.24.81, false, false, 129.31.209.29, false, false, 146.169.24.111, false, false
2013-04-22 14:47:42.82, 146.169.25.137, false, false, 146.169.24.50, false, false, 146.169.25.131, false, false, 129.31.210.124, false, false, 146.169.25.105, false, false, 129.31.224.72, false, false, 146.169.24.81, false, false, 129.31.209.29, false, false, 146.169.24.111, false, false
2013-04-22 14:47:47.988, 146.169.25.137, false, false, 146.169.24.50, false, false, 146.169.25.131, false, false, 129.31.210.124, false, false, 146.169.25.105, false, false, 129.31.224.72, false, false, 146.169.24.81, false, false, 129.31.209.29, false, false, 146.169.24.111, false, false, 146.169.6.76, false, false
2013-04-22 14:47:53.139, 146.169.25.137, false, false, 146.169.24.50, false, false, 146.169.25.131, false, false, 129.31.210.124, false, false, 146.169.25.105, false, false, 129.31.224.72, false, false, 146.169.24.81, false, false, 129.31.209.29, false, false, 146.169.24.111, false, false, 146.169.6.76, false, false
2013-04-22 14:47:58.347, 146.169.25.137, false, false, 146.169.24.50, false, false, 146.169.25.131, false, false, 129.31.210.124, false, false, 146.169.25.105, false, false, 129.31.224.72, false, false, 146.169.24.81, false, false, 129.31.209.29, false, false, 146.169.24.111, false, false, 146.169.6.76, false, false
2013-04-22 14:48:03.491, 146.169.25.137, false, false, 146.169.24.50, false, false, 146.169.25.131, false, false, 129.31.210.124, false, false, 146.169.25.105, false, false, 129.31.224.72, false, false, 146.169.24.81, false, false, 129.31.209.29, false, false, 146.169.24.111, false, false, 146.169.6.76, false, false
2013-04-22 14:48:08.636, 146.169.25.137, false, false, 146.169.24.50, false, false, 146.169.25.131, false, false, 129.31.210.124, false, false, 146.169.25.105, false, false, 129.31.224.72, false, false, 146.169.24.81, false, false, 129.31.209.29, false, false, 146.169.24.111, false, false, 146.169.6.76, false, false
2013-04-22 14:48:13.877, 146.169.25.137, false, false, 146.169.24.50, false, false, 146.169.25.131, false, false, 129.31.210.124, false, false, 146.169.25.105, false, false, 129.31.224.72, false, false, 146.169.24.81, false, false, 129.31.209.29, false, false, 146.169.24.111, false, false, 146.169.6.76, false, false
2013-04-22 14:48:19.022, 146.169.25.137, false, false, 146.169.24.50, false, false, 146.169.25.131, false, false, 129.31.210.124, false, false, 146.169.25.105, false, false, 129.31.224.72, false, false, 146.169.24.81, false, false, 129.31.209.29, false, false, 146.169.24.111, false, false, 146.169.6.76, false, false
2013-04-22 14:48:24.15, 146.169.25.137, false, false, 146.169.24.50, false, false, 146.169.25.131, false, false, 129.31.210.124, false, false, 146.169.25.105, false, false, 129.31.224.72, false, false, 146.169.24.81, false, false, 129.31.209.29, false, false, 146.169.24.111, false, false, 146.169.6.76, false, false
2013-04-22 14:48:29.313, 146.169.25.137, false, false, 146.169.24.50, false, false, 146.169.25.131, false, false, 129.31.210.124, false, false, 146.169.25.105, false, false, 129.31.224.72, false, false, 146.169.24.81, false, false, 129.31.209.29, false, false, 146.169.24.111, false, false, 146.169.6.76, false, false
2013-04-22 14:48:34.449, 146.169.25.137, false, false, 146.169.24.50, false, false, 146.169.25.131, false, false, 129.31.210.124, false, false, 146.169.25.105, false, false, 129.31.224.72, false, false, 146.169.24.81, false, false, 129.31.209.29, false, false, 146.169.24.111, false, false, 146.169.6.76, false, false
2013-04-22 14:48:39.589, 146.169.25.137, false, false, 146.169.24.50, false, false, 146.169.25.131, false, false, 129.31.210.124, false, false, 146.169.25.105, false, false, 129.31.224.72, false, false, 146.169.24.81, false, false, 129.31.209.29, false, false, 146.169.24.111, false, false, 146.169.6.76, false, false
2013-04-22 14:48:44.734, 146.169.25.137, false, false, 146.169.24.50, false, false, 146.169.25.131, false, false, 129.31.210.124, false, false, 146.169.25.105, false, false, 129.31.224.72, false, false, 146.169.24.81, false, false, 129.31.209.29, false, false, 146.169.24.111, false, false, 146.169.6.76, false, false
2013-04-22 14:48:49.9, 146.169.25.137, false, false, 146.169.24.50, false, false, 146.169.25.131, false, false, 129.31.210.124, false, false, 146.169.25.105, false, false, 129.31.224.72, false, false, 146.169.24.81, false, false, 129.31.209.29, false, false, 146.169.24.111, false, false, 146.169.6.76, false, false
2013-04-22 14:48:55.042, 146.169.25.137, false, false, 146.169.24.50, false, false, 146.169.25.131, false, false, 129.31.210.124, false, false, 146.169.25.105, false, false, 129.31.224.72, false, false, 146.169.24.81, false, false, 129.31.209.29, false, false, 146.169.24.111, false, false, 146.169.6.76, false, false
2013-04-22 14:49:00.179, 146.169.25.137, false, false, 146.169.24.50, false, false, 146.169.25.131, false, false, 129.31.210.124, false, false, 146.169.25.105, false, false, 129.31.224.72, false, false, 146.169.24.81, false, false, 129.31.209.29, false, false, 146.169.24.111, false, false, 146.169.6.76, false, false
2013-04-22 14:49:05.325, 146.169.25.137, false, false, 146.169.24.50, false, false, 146.169.25.131, false, false, 129.31.210.124, false, false, 146.169.25.105, false, false, 129.31.224.72, false, false, 146.169.24.81, false, false, 129.31.209.29, false, false, 146.169.24.111, false, false, 146.169.6.76, false, false
2013-04-22 14:49:13.605, 146.169.25.137, false, false, 146.169.24.50, false, false, 146.169.25.131, true, false, 129.31.210.124, false, false, 146.169.25.105, true, false, 129.31.224.72, true, false, 146.169.24.81, false, false, 129.31.209.29, false, false, 146.169.24.111, false, false, 146.169.6.76, false, false
2013-04-22 14:49:49.46, 146.169.25.137, false, false, 146.169.24.50, false, false, 146.169.25.131, true, false, 129.31.210.124, false, false, 146.169.25.105, true, false, 129.31.224.72, true, false, 146.169.24.81, false, false, 129.31.209.29, false, false, 146.169.24.111, false, false, 146.169.6.76, false, false
2013-04-22 14:49:55.654, 146.169.25.137, false, false, 146.169.24.50, false, false, 146.169.25.131, true, false, 129.31.210.124, false, false, 146.169.25.105, true, false, 129.31.224.72, true, false, 146.169.24.81, false, false, 129.31.209.29, false, false, 146.169.24.111, false, false, 146.169.6.76, false, false
2013-05-20 21:53:35.7, 146.169.25.137, false, false, 146.169.24.50, false, false, 146.169.25.131, false, false, 129.31.210.124, false, false, 146.169.25.105, false, false, 129.31.224.72, false, false, 146.169.24.81, false, false, 129.31.209.29, false, false, 146.169.24.111, false, false, 146.169.6.76, false, false, 146.169.24.96, false, false, 112.64.235.245, false, false, 101.226.33.224, false, false, 112.64.235.253, false, false, 146.169.25.145, false, false, 129.31.235.110, false, false, 146.169.24.143, false, false
2013-05-21 14:57:55.999, 146.169.25.137, false, false, 146.169.24.50, false, false, 146.169.25.131, false, false, 129.31.210.124, false, false, 146.169.25.105, false, false, 129.31.224.72, false, false, 146.169.24.81, false, false, 129.31.209.29, false, false, 146.169.24.111, false, false, 146.169.6.76, false, false, 146.169.24.96, false, false, 112.64.235.245, false, false, 101.226.33.224, false, false, 112.64.235.253, false, false, 146.169.25.145, false, false, 129.31.235.110, false, false, 146.169.24.143, false, false
2013-05-21 14:58:56.879, 146.169.25.137, false, false, 146.169.24.50, false, false, 146.169.25.131, false, false, 129.31.210.124, false, false, 146.169.25.105, false, false, 129.31.224.72, false, false, 146.169.24.81, false, false, 129.31.209.29, false, false, 146.169.24.111, false, false, 146.169.6.76, false, false, 146.169.24.96, false, false, 112.64.235.245, false, false, 101.226.33.224, false, false, 112.64.235.253, false, false, 146.169.25.145, false, false, 129.31.235.110, false, false, 146.169.24.143, false, false
2013-05-21 14:59:57.263, 146.169.25.137, false, false, 146.169.24.50, false, false, 146.169.25.131, false, false, 129.31.210.124, false, false, 146.169.25.105, false, false, 129.31.224.72, false, false, 146.169.24.81, false, false, 129.31.209.29, false, false, 146.169.24.111, false, false, 146.169.6.76, false, false, 146.169.24.96, false, false, 112.64.235.245, false, false, 101.226.33.224, false, false, 112.64.235.253, false, false, 146.169.25.145, false, false, 129.31.235.110, false, false, 146.169.24.143, false, false
2013-05-21 15:01:28.022, 146.169.25.137, false, false, 146.169.24.50, false, false, 146.169.25.131, false, false, 129.31.210.124, false, false, 146.169.25.105, false, false, 129.31.224.72, false, false, 146.169.24.81, false, false, 129.31.209.29, false, false, 146.169.24.111, false, false, 146.169.6.76, false, false, 146.169.24.96, false, false, 112.64.235.245, false, false, 101.226.33.224, false, false, 112.64.235.253, false, false, 146.169.25.145, false, false, 129.31.235.110, false, false, 146.169.24.143, false, false
2013-05-21 15:02:29.331, 146.169.25.137, false, false, 146.169.24.50, false, false, 146.169.25.131, false, false, 129.31.210.124, false, false, 146.169.25.105, false, false, 129.31.224.72, false, false, 146.169.24.81, false, false, 129.31.209.29, false, false, 146.169.24.111, false, false, 146.169.6.76, false, false, 146.169.24.96, false, false, 112.64.235.245, false, false, 101.226.33.224, false, false, 112.64.235.253, false, false, 146.169.25.145, false, false, 129.31.235.110, false, false, 146.169.24.143, false, false
2013-05-21 15:06:16.943, 146.169.6.76, false, false, 180.153.163.205, false, false, 180.153.163.186, false, false, 180.153.214.152, false, false, 180.153.206.24, false, false, 112.65.193.14, false, false
2013-05-21 15:07:17.519, 146.169.6.76, false, false, 180.153.163.205, false, false, 180.153.163.186, false, false, 180.153.214.152, false, false, 180.153.206.24, false, false, 112.65.193.14, false, false
2013-05-21 15:08:17.774, 146.169.6.76, false, false, 180.153.163.205, false, false, 180.153.163.186, false, false, 180.153.214.152, false, false, 180.153.206.24, false, false, 112.65.193.14, false, false
2013-05-21 15:09:17.946, 146.169.6.76, false, false, 180.153.163.205, false, false, 180.153.163.186, false, false, 180.153.214.152, false, false, 180.153.206.24, false, false, 112.65.193.14, false, false
2013-05-21 15:10:18.103, 146.169.6.76, false, false, 180.153.163.205, false, false, 180.153.163.186, false, false, 180.153.214.152, false, false, 180.153.206.24, false, false, 112.65.193.14, false, false
2013-05-21 15:11:18.236, 146.169.6.76, false, false, 180.153.163.205, false, false, 180.153.163.186, false, false, 180.153.214.152, false, false, 180.153.206.24, false, false, 112.65.193.14, false, false
2013-05-21 15:12:18.479, 146.169.6.76, false, true, 180.153.163.205, false, false, 180.153.163.186, false, false, 180.153.214.152, false, false, 180.153.206.24, false, false, 112.65.193.14, false, false
2013-05-21 15:13:18.614, 146.169.6.76, false, true, 180.153.163.205, false, false, 180.153.163.186, false, false, 180.153.214.152, false, false, 180.153.206.24, false, false, 112.65.193.14, false, false
2013-05-21 15:14:18.741, 146.169.6.76, false, true, 180.153.163.205, false, false, 180.153.163.186, false, false, 180.153.214.152, false, false, 180.153.206.24, false, false, 112.65.193.14, false, false
2013-05-22 15:48:23.99, 146.169.6.76, false, false, 180.153.163.205, false, false, 180.153.163.186, false, false, 180.153.214.152, false, false, 180.153.206.24, false, false, 112.65.193.14, false, false
